position	saliency
1	-0.001123
2	0.001252
3	0.001004
4	0.000979
5	-0.002218
6	0.002666
7	0.000937
8	-0.003241
9	0.000085
10	0.001116
11	0.003238
12	-0.020417
13	0.006780
14	-0.038479
15	0.017396
16	0.001358
17	0.030549
18	-0.039970
19	-0.122995
20	-0.069029
21	-0.123592
22	-0.131164
23	0.004189
24	0.068296
25	0.081938
26	0.204150
27	0.315392
28	0.460138
29	0.164456
30	0.536261
31	0.310298
32	0.463254
33	0.373579
34	0.388476
35	0.208698
36	0.069085
37	-0.013717
38	-0.024719
39	-0.014534
40	-0.058515
41	0.071127
42	-0.083985
43	-0.182063
44	-0.077416
45	-0.107168
46	-0.067914
47	-0.064757
48	-0.069727
49	-0.078350
50	-0.013045
51	-0.010346
52	0.066711
53	-0.107280
54	0.019663
55	0.060761
56	0.189697
57	0.097513
58	0.110797
59	-0.004064
60	0.038917
61	0.063985
62	0.112073
63	0.112342
64	0.155357
65	0.225690
66	0.036899
67	-0.080602
68	0.066569
69	0.103626
70	0.069374
71	-0.073551
72	-0.038995
73	0.096996
74	0.053202
75	0.123430
76	0.132721
77	-0.029325
78	-0.051102
79	-0.123400
80	-0.013450
81	-0.149919
82	-0.063260
83	0.066042
84	0.024247
85	-0.003479
86	0.011198
87	0.020736
88	0.017887
89	0.052969
90	-0.021089
91	-0.089984
92	-0.096905
93	-0.047132
94	-0.112794
95	-0.069471
96	0.000475
97	0.057724
98	-0.119638
99	-0.061557
100	-0.184907
101	-0.253959
102	-0.068772
103	-0.217158
104	-0.049219
105	-0.074454
106	0.060760
107	-0.054910
108	-0.057108
109	-0.065770
110	0.045293
111	0.113955
112	0.122845
113	0.256504
114	0.117138
115	0.138853
116	0.059102
117	0.081199
118	0.508273
119	0.094962
120	0.163305
121	0.489935
122	0.541680
123	0.537676
124	0.713509
125	0.783272
126	0.813651
127	1.000000
128	-0.131718
129	0.395062
130	-0.166969
131	0.070506
132	0.062569
133	0.050969
134	-0.011188
135	-0.061940
136	0.027175
137	-0.052491
138	-0.034346
139	-0.098068
140	-0.216168
141	0.055638
142	-0.245787
143	-0.199561
144	-0.368340
145	-0.214962
146	-0.300906
147	-0.184902
148	-0.307266
149	-0.293984
150	-0.117138
151	-0.198476
152	-0.218770
153	-0.234158
154	-0.135516
155	-0.155254
156	-0.070581
157	-0.043791
158	0.113110
159	0.021044
160	-0.006889
161	0.203833
162	0.170759
163	0.082229
164	0.203546
165	0.149459
166	0.060140
167	0.035960
168	-0.005417
169	-0.002076
170	0.005697
171	0.009693
172	-0.013242
173	-0.020206
174	-0.042870
175	-0.006388
176	0.024223
177	0.156369
178	0.044899
179	0.123198
180	0.131425
181	0.012627
182	-0.029542
183	-0.040543
184	0.000294
185	0.040269
186	-0.120971
187	-0.137928
188	-0.283108
189	-0.163055
190	-0.134180
191	-0.099936
192	-0.179634
193	-0.171765
194	-0.080207
195	-0.265385
196	-0.169532
197	-0.101473
198	-0.087659
199	0.065351
200	0.134566
201	-0.071826
202	0.180882
203	0.219728
204	0.115359
205	0.026979
206	0.086025
207	0.141478
208	-0.052147
209	0.071896
210	0.042523
211	-0.003555
212	-0.008004
213	0.014040
214	0.003380
215	-0.000623
216	-0.004690
217	0.001692
218	0.001156
219	0.002139
220	-0.000063
221	0.001950
222	-0.000573
223	0.003636
224	0.000615
225	0.004403
226	-0.000838
227	-0.002173
228	0.000986
229	0.000709
230	-0.001944
